Campaign,Content Subject,Target Audience,LinkedIn,X,Blog
Finance Trends,Top 3 trends in finance this month,Travelers,"⚠️ If you travel and use crypto, pay attention.

A recent report says over 1 million wallets that bought the TRUMP memecoin are underwater — while insiders collected hundreds of millions in royalties after the token spiked and then collapsed ~97%.

That’s a sharp reminder: hype-driven crypto moves can wipe out retail investors fast — and the risks are amplified when you’re on the road.

Practical travel-first protections you can use today:
1. Keep travel money separate from high‑risk assets.
   - Use a dedicated travel card + small emergency cash. Don’t rely on speculative tokens for liquidity.
2. Don’t trade on public Wi‑Fi; use a mobile hotspot or VPN.
   - No hardware wallets plugged in at airports or cafés.
3. Use cold storage for long‑term holdings and 2FA for exchange accounts.
   - If you must trade while traveling, limit to reputable exchanges and small amounts.
4. Set exposure rules: max % of net worth per token, stop-loss orders, and avoid new memecoins without clear tokenomics or transparent ownership.
5. Check for regulatory/red‑flag signs (royalty structures, concentrated supply, anonymous teams) before buying.

If one thing’s clear: travel should free you, not stress you — include a finance-safety routine in your trip checklist.

What’s your top travel finance habit? Share it below — I’ll compile the best tips into a simple checklist for travelers. ✈️

#TravelFinance #CryptoSafety #TravelTips #DigitalSecurity","Travelers: a report says 1M+ wallets lost money in the TRUMP memecoin rug‑pull while the creator pocketed ~$635M. If you store trip funds in crypto, consider shifting to trusted payment methods, double‑check bookings, and DYOR. Moved your travel stash yet? ⚠️✈️ #TravelTips #Crypto","Travel plans are being shaped as fast by tech and markets as by weather. This week’s big headlines — the U.S. approval for OpenAI’s GPT‑5.6 rollout and Tesla’s record Q2 deliveries — promise smarter trip planning and more electric vehicles on the road, respectively. Wider AI access could make itinerary building, language help and real‑time disruption alerts far more powerful, while growing EV supply may expand rental and road‑trip options (and heighten the importance of checking charger networks). At the same time, high‑profile crypto blowups — recently highlighted in a report that left many retail buyers facing heavy losses — are a useful reminder that volatile meme tokens aren’t a safe substitute for vetted payment methods when you’re abroad.

So what should travelers do? Use new AI tools, but verify crucial details (flight rules, visa info, refund policies) from official sources before you book; test AI recommendations on small queries first. If you’re considering an EV trip, plan charging stops and confirm charger compatibility ahead of time — Tesla’s momentum helps but infrastructure varies regionally. For payments, stick to established cards or reputable crypto services and limit exposure to speculative tokens. Finally, take advantage of food and hospitality trends — from more fiber‑forward menu options to premium budget bedding collaborations — to travel healthier and sleep better on the road."
Open AI News,Recent news about OpenAI,AI Enthusiasts,,,
Food Trends,Recent trends in the food service industry,Small Business owners,,,
Ganesh Chaturthi,Best Decoration things for Ganesh Chaturthi,Parents,,,